setosa,5.2,3.9,0.6,0.2
setosa,5.2,2.9,2.2,0.2
setosa,3.9,3.9,1.4,0.2
setosa,4.8,2.4,1.2,0.2
setosa,5.4,4.3,2.1,0.2
setosa,5.5,4.7,2.5,0.4
setosa,4.3,3.7,0.6,0.3
setosa,4.4,2.9,1.8,0.2
setosa,4.3,2.9,2.1,0.2
setosa,4.2,3.6,2.2,0.1
setosa,5,3,2.2,0.2
setosa,4.2,4,1.9,0.2
setosa,5.4,3.3,1.1,0.1
setosa,4,3.6,0.6,0.1
setosa,6,4.5,1.7,0.2
setosa,5.1,4.7,2,0.4
setosa,5.7,4.3,0.9,0.4
setosa,5.5,3.3,1.9,0.3
setosa,5.5,3.6,0.9,0.3
setosa,5.3,3.5,2.2,0.3
setosa,5.1,3.3,2.2,0.2
setosa,5.2,3.8,1.9,0.4
setosa,4.7,3.2,1.2,0.2
setosa,5.1,2.5,2.5,0.5
setosa,5.4,3.6,1.1,0.2
setosa,5.8,3.1,1.5,0.2
setosa,5.4,2.7,1.1,0.4
setosa,4.6,2.7,2,0.2
setosa,5.5,3.7,0.8,0.2
setosa,3.9,3.7,1.1,0.2
setosa,4.7,2.4,1.2,0.2
setosa,4.8,3.4,2.3,0.4
setosa,4.8,3.6,0.9,0.1
setosa,4.8,4.6,1.8,0.2
setosa,4.1,3.4,1.3,0.2
setosa,5.1,3.4,0.8,0.2
setosa,5.3,4.2,0.9,0.2
setosa,4.3,4.2,1.4,0.1
setosa,4.5,3.8,1.9,0.2
setosa,5.4,3.8,1.1,0.2
setosa,5.5,4,0.6,0.3
setosa,3.8,2.4,0.5,0.3
setosa,3.9,2.4,1.5,0.2
setosa,4.7,3,2.1,0.6
setosa,4.8,3,1.7,0.4
setosa,4.2,3.6,1.1,0.3
setosa,4.9,4,1.9,0.2
setosa,3.9,2.6,1.6,0.2
setosa,5.8,3.5,2.2,0.2
setosa,4.9,2.8,1.5,0.2
versicolor,7.4,3.4,4.6,1.1
versicolor,6,3.9,5.1,1.5
versicolor,7.6,3.8,4.2,1.9
versicolor,5.4,1.5,4.5,1.3
versicolor,6,2.8,4.4,2.2
versicolor,5.1,2,5.2,1
versicolor,5.8,4.1,4.5,1.1
versicolor,5.3,1.8,3.1,1.2
versicolor,7.1,3.2,3.8,1.3
versicolor,5.7,2.9,3.2,0.8
versicolor,4.7,2,2.7,0.6
versicolor,6.5,2.4,4.3,1.4
versicolor,5.6,2.3,3.8,1.7
versicolor,5.3,2.3,5.4,2.1
versicolor,5.3,3.1,3.4,0.6
versicolor,6.1,3.8,3.8,1.3
versicolor,5.4,3.4,5.3,1.5
versicolor,6.6,2.4,3.7,0.7
versicolor,5.8,1.8,5.2,1.6
versicolor,5.3,3.3,3.3,1
versicolor,5.8,2.7,5,1
versicolor,5.9,3.2,4.8,1.1
versicolor,7.1,2.9,4.4,1.9
versicolor,5.8,3.5,4.4,2
versicolor,6.6,2.1,5,1.3
versicolor,7.3,3.6,3.8,2.2
versicolor,7.1,2.5,4.9,1.5
versicolor,7.4,2.3,5.4,1.7
versicolor,6.5,2.1,4.9,2.1
versicolor,5.5,2.7,4.2,1.5
versicolor,6.3,1.9,4.1,0.5
versicolor,6.2,2.5,4.5,0.9
versicolor,5,2.2,4.1,1.4
versicolor,6.6,2.9,5.8,0.8
versicolor,5.2,3.5,4.4,1.7
versicolor,5.7,3.5,3.9,2.4
versicolor,7.1,2.5,5.5,1.7
versicolor,5.5,2.9,3.6,0.7
versicolor,5.3,3.3,4.9,1.9
versicolor,5.6,3,3.5,1.4
versicolor,6.2,2.3,4.6,1.8
versicolor,5.9,3.8,3.8,1.2
versicolor,5,2.3,3.3,0.9
versicolor,4.5,2,2.7,1.1
versicolor,5.7,3,4.3,1.1
versicolor,6.2,2.9,4.9,1.5
versicolor,5.3,3.3,3.7,1.3
versicolor,6.7,3.4,4.5,1
versicolor,4.7,2.3,2.2,0.6
versicolor,5.4,2.2,3.3,0.8
virginica,7.1,2.6,5.7,2.7
virginica,5.3,2.9,5.5,1.9
virginica,6.3,3.6,6.5,2.5
virginica,7,2.5,6.4,1.6
virginica,7.2,3.8,6.4,2.7
virginica,7,3.8,6.3,2.9
virginica,4.6,3.3,5,1.6
virginica,6.6,2.8,6.1,2.6
virginica,7,2.5,6.4,2.1
virginica,7.2,3,5.3,3.2
virginica,5.8,3.2,4.8,2.1
virginica,5.9,1.9,5.3,1.1
virginica,6.3,2.2,4.9,2
virginica,6.1,2.8,4.7,1.2
virginica,6.3,2.8,4.6,2.5
virginica,7.2,3.1,5.9,2.4
virginica,6,3.5,5.8,1.4
virginica,8.3,3.3,7.3,1.5
virginica,7,2,7.1,2.4
virginica,6.8,2.5,4.4,1.1
virginica,6.9,3.2,6.1,1.6
virginica,4.9,3.6,4.4,2.7
virginica,7.8,3.1,6,2.8
virginica,5.9,2.2,5.1,1.2
virginica,7.4,2.9,5,2.3
virginica,6.9,3.3,6.1,1.5
virginica,6.2,3.5,5.5,1.9
virginica,6.5,2.6,5.6,1
virginica,6,3.3,5.9,2.9
virginica,7.5,3.7,5.3,1.7
virginica,6.7,2.7,6.4,2.5
virginica,7.9,3.4,6.4,1.2
virginica,5.6,2.4,4.8,2.6
virginica,5.7,2.4,4.7,0.7
virginica,5.5,2.3,5,0.6
virginica,8.2,2.2,6.6,2
virginica,6.8,4.2,5.4,2.9
virginica,5.6,2.8,5.4,1.5
virginica,6.1,3,4.6,2.3
virginica,7,2.3,6.2,1.7
virginica,6.2,3.4,5.7,2
virginica,7.3,2.6,5.2,2.5
virginica,5.2,2.3,5.3,1.3
virginica,7.3,3.2,6.5,2.6
virginica,7.2,3.5,6.4,2
virginica,6.2,2.9,5.6,2.9
virginica,6.2,2.7,5.1,1.6
virginica,5.8,3.2,4.6,2.5
virginica,5.8,3.2,5.2,2.5
virginica,6.4,3.1,5.9,2.5